fold,R2,MAE
1,-0.31156349182128906,0.690251350402832
2,-0.43178343772888184,0.727435290813446
3,-0.3625671863555908,0.6265414953231812
4,-0.14026319980621338,0.622785210609436
5,-0.2458341121673584,0.6338784098625183
