fold,R2,MAE
1,-0.0650092363357544,0.6204655170440674
2,0.020658433437347412,0.5433670282363892
3,0.0492134690284729,0.4891209900379181
4,-0.05873584747314453,0.5220399498939514
5,-0.06366229057312012,0.7113916873931885
